{
  "request": "67460e74-02e3-11e8-b443-00163e990bdb",
  "table": {
    "FINALI**MPS**TOTALE": {
      "TONNELLATE**20190918**CONSUNTIVO": 1253.15,
      "TONNELLATE**20190918**PREVISTO_OTTIMIZZATO": 1183.95614,
      "TONNELLATE**20190919**CONSUNTIVO": 1283.2,
      "TONNELLATE**20190919**PREVISTO_OTTIMIZZATO": 1180.20614,
      "TONNELLATE**20190920**CONSUNTIVO": 1357.15,
      "TONNELLATE**20190920**PREVISTO_OTTIMIZZATO": 1248.3077594658491
    },
    "FINALI**RIFIUTI**TOTALE": {
      "TONNELLATE**20190918**CONSUNTIVO": 186.36,
      "TONNELLATE**20190918**PREVISTO_OTTIMIZZATO": 265.31386000000003,
      "TONNELLATE**20190919**CONSUNTIVO": 185.26,
      "TONNELLATE**20190919**PREVISTO_OTTIMIZZATO": 214.91386000000003,
      "TONNELLATE**20190920**CONSUNTIVO": 184.16000000000003,
      "TONNELLATE**20190920**PREVISTO_OTTIMIZZATO": 150.82118338337494
    },
    "INGRESSI**LINEA_1**congiunta_1A": {
      "TONNELLATE**20190918**CONSUNTIVO": 76.54,
      "TONNELLATE**20190918**PREVISTO_OTTIMIZZATO": 53.82,
      "TONNELLATE**20190919**CONSUNTIVO": 65.46,
      "TONNELLATE**20190919**PREVISTO_OTTIMIZZATO": 53.82,
      "TONNELLATE**20190920**CONSUNTIVO": 62.96,
      "TONNELLATE**20190920**PREVISTO_OTTIMIZZATO": 40.06
    },
    "INGRESSI**LINEA_2**4_03": {
      "TONNELLATE**20190918**CONSUNTIVO": 0.0,
      "TONNELLATE**20190918**PREVISTO_OTTIMIZZATO": 0.0,
      "TONNELLATE**20190919**CONSUNTIVO": 0.0,
      "TONNELLATE**20190919**PREVISTO_OTTIMIZZATO": 0.0,
      "TONNELLATE**20190920**CONSUNTIVO": 0.0,
      "TONNELLATE**20190920**PREVISTO_OTTIMIZZATO": 0.0
    },
    "INGRESSI**LINEA_2**altro": {
      "TONNELLATE**20190918**CONSUNTIVO": 5.34,
      "TONNELLATE**20190918**PREVISTO_OTTIMIZZATO": 6.06,
      "TONNELLATE**20190919**CONSUNTIVO": 6.3,
      "TONNELLATE**20190919**PREVISTO_OTTIMIZZATO": 6.06,
      "TONNELLATE**20190920**CONSUNTIVO": 6.74,
      "TONNELLATE**20190920**PREVISTO_OTTIMIZZATO": 2.68
    },
    "INGRESSI**LINEA_2**congiunta_2B": {
      "TONNELLATE**20190918**CONSUNTIVO": 61.02,
      "TONNELLATE**20190918**PREVISTO_OTTIMIZZATO": 63.22,
      "TONNELLATE**20190919**CONSUNTIVO": 113.24,
      "TONNELLATE**20190919**PREVISTO_OTTIMIZZATO": 63.22,
      "TONNELLATE**20190920**CONSUNTIVO": 107.9,
      "TONNELLATE**20190920**PREVISTO_OTTIMIZZATO": 81.0
    },
    "INGRESSI**LINEA_2**selettiva_1A": {
      "TONNELLATE**20190918**CONSUNTIVO": 4.0,
      "TONNELLATE**20190918**PREVISTO_OTTIMIZZATO": 4.22,
      "TONNELLATE**20190919**CONSUNTIVO": 4.82,
      "TONNELLATE**20190919**PREVISTO_OTTIMIZZATO": 4.22,
      "TONNELLATE**20190920**CONSUNTIVO": 7.78,
      "TONNELLATE**20190920**PREVISTO_OTTIMIZZATO": 6.06
    },
    "INGRESSI**LINEA_2**selettiva_2B": {
      "TONNELLATE**20190918**CONSUNTIVO": 26.6,
      "TONNELLATE**20190918**PREVISTO_OTTIMIZZATO": 0.0,
      "TONNELLATE**20190919**CONSUNTIVO": 14.7,
      "TONNELLATE**20190919**PREVISTO_OTTIMIZZATO": 0.0,
      "TONNELLATE**20190920**CONSUNTIVO": 20.86,
      "TONNELLATE**20190920**PREVISTO_OTTIMIZZATO": 0.0
    },
    "INIZIALI**MPS**1_02": {
      "TONNELLATE**20190918**CONSUNTIVO": 817.5,
      "TONNELLATE**20190918**PREVISTO_OTTIMIZZATO": 817.5,
      "TONNELLATE**20190919**CONSUNTIVO": 735.0,
      "TONNELLATE**20190919**PREVISTO_OTTIMIZZATO": 735.0,
      "TONNELLATE**20190920**CONSUNTIVO": 708.0,
      "TONNELLATE**20190920**PREVISTO_OTTIMIZZATO": 708.0
    },
    "INIZIALI**MPS**1_05": {
      "TONNELLATE**20190918**CONSUNTIVO": 88.45,
      "TONNELLATE**20190918**PREVISTO_OTTIMIZZATO": 88.45,
      "TONNELLATE**20190919**CONSUNTIVO": 131.95,
      "TONNELLATE**20190919**PREVISTO_OTTIMIZZATO": 131.95,
      "TONNELLATE**20190920**CONSUNTIVO": 172.54999999999998,
      "TONNELLATE**20190920**PREVISTO_OTTIMIZZATO": 172.54999999999998
    },
    "INIZIALI**MPS**1_11": {
      "TONNELLATE**20190918**CONSUNTIVO": 25.5,
      "TONNELLATE**20190918**PREVISTO_OTTIMIZZATO": 25.5,
      "TONNELLATE**20190919**CONSUNTIVO": 25.5,
      "TONNELLATE**20190919**PREVISTO_OTTIMIZZATO": 25.5,
      "TONNELLATE**20190920**CONSUNTIVO": 25.5,
      "TONNELLATE**20190920**PREVISTO_OTTIMIZZATO": 25.5
    },
    "INIZIALI**MPS**4_03": {
      "TONNELLATE**20190918**CONSUNTIVO": 15.95,
      "TONNELLATE**20190918**PREVISTO_OTTIMIZZATO": 15.95,
      "TONNELLATE**20190919**CONSUNTIVO": 23.2,
      "TONNELLATE**20190919**PREVISTO_OTTIMIZZATO": 23.2,
      "TONNELLATE**20190920**CONSUNTIVO": 24.65,
      "TONNELLATE**20190920**PREVISTO_OTTIMIZZATO": 24.65
    },
    "INIZIALI**MPS**soft_mix": {
      "TONNELLATE**20190918**CONSUNTIVO": 325.5,
      "TONNELLATE**20190918**PREVISTO_OTTIMIZZATO": 325.5,
      "TONNELLATE**20190919**CONSUNTIVO": 337.5,
      "TONNELLATE**20190919**PREVISTO_OTTIMIZZATO": 337.5,
      "TONNELLATE**20190920**CONSUNTIVO": 352.5,
      "TONNELLATE**20190920**PREVISTO_OTTIMIZZATO": 352.5
    },
    "INIZIALI**RIFIUTI**altro": {
      "TONNELLATE**20190918**CONSUNTIVO": 221.29999999999998,
      "TONNELLATE**20190918**PREVISTO_OTTIMIZZATO": 184.46,
      "TONNELLATE**20190919**CONSUNTIVO": 177.56,
      "TONNELLATE**20190919**PREVISTO_OTTIMIZZATO": 177.56,
      "TONNELLATE**20190920**CONSUNTIVO": 229.26,
      "TONNELLATE**20190920**PREVISTO_OTTIMIZZATO": 178.66
    },
    "INIZIALI**RIFIUTI**congiunta_1A": {
      "TONNELLATE**20190918**CONSUNTIVO": 0.0,
      "TONNELLATE**20190918**PREVISTO_OTTIMIZZATO": 0.0,
      "TONNELLATE**20190919**CONSUNTIVO": 0.0,
      "TONNELLATE**20190919**PREVISTO_OTTIMIZZATO": 0.0,
      "TONNELLATE**20190920**CONSUNTIVO": 0.0,
      "TONNELLATE**20190920**PREVISTO_OTTIMIZZATO": 0.0
    },
    "INIZIALI**RIFIUTI**congiunta_2B": {
      "TONNELLATE**20190918**CONSUNTIVO": 0.0,
      "TONNELLATE**20190918**PREVISTO_OTTIMIZZATO": 0.0,
      "TONNELLATE**20190919**CONSUNTIVO": 0.0,
      "TONNELLATE**20190919**PREVISTO_OTTIMIZZATO": 0.0,
      "TONNELLATE**20190920**CONSUNTIVO": 0.0,
      "TONNELLATE**20190920**PREVISTO_OTTIMIZZATO": 0.0
    },
    "INIZIALI**RIFIUTI**scarti": {
      "TONNELLATE**20190918**CONSUNTIVO": 36.300000000000004,
      "TONNELLATE**20190918**PREVISTO_OTTIMIZZATO": 36.300000000000004,
      "TONNELLATE**20190919**CONSUNTIVO": 8.8,
      "TONNELLATE**20190919**PREVISTO_OTTIMIZZATO": 8.8,
      "TONNELLATE**20190920**CONSUNTIVO": 6.6000000000000005,
      "TONNELLATE**20190920**PREVISTO_OTTIMIZZATO": 6.6000000000000005
    },
    "INIZIALI**RIFIUTI**selettiva_1A": {
      "TONNELLATE**20190918**CONSUNTIVO": 0.0,
      "TONNELLATE**20190918**PREVISTO_OTTIMIZZATO": 0.0,
      "TONNELLATE**20190919**CONSUNTIVO": 0.0,
      "TONNELLATE**20190919**PREVISTO_OTTIMIZZATO": 0.0,
      "TONNELLATE**20190920**CONSUNTIVO": 0.0,
      "TONNELLATE**20190920**PREVISTO_OTTIMIZZATO": 0.0
    },
    "INIZIALI**RIFIUTI**selettiva_2B": {
      "TONNELLATE**20190918**CONSUNTIVO": 0.0,
      "TONNELLATE**20190918**PREVISTO_OTTIMIZZATO": 0.0,
      "TONNELLATE**20190919**CONSUNTIVO": 0.0,
      "TONNELLATE**20190919**PREVISTO_OTTIMIZZATO": 0.0,
      "TONNELLATE**20190920**CONSUNTIVO": 0.0,
      "TONNELLATE**20190920**PREVISTO_OTTIMIZZATO": 0.0
    },
    "LINEA_1**PRESSA_1**1_02": {
      "TONNELLATE**20190918**CONSUNTIVO": 0.0,
      "TONNELLATE**20190918**PREVISTO_OTTIMIZZATO": 36.43614,
      "TONNELLATE**20190919**CONSUNTIVO": 0.0,
      "TONNELLATE**20190919**PREVISTO_OTTIMIZZATO": 36.43614,
      "TONNELLATE**20190920**CONSUNTIVO": 0.0,
      "TONNELLATE**20190920**PREVISTO_OTTIMIZZATO": 0.0
    },
    "LINEA_1**PRESSA_1**1_05": {
      "TONNELLATE**20190918**CONSUNTIVO": 0.0,
      "TONNELLATE**20190918**PREVISTO_OTTIMIZZATO": 0.0,
      "TONNELLATE**20190919**CONSUNTIVO": 0.0,
      "TONNELLATE**20190919**PREVISTO_OTTIMIZZATO": 0.0,
      "TONNELLATE**20190920**CONSUNTIVO": 0.0,
      "TONNELLATE**20190920**PREVISTO_OTTIMIZZATO": 0.6810200000000006
    },
    "LINEA_1**PRESSA_1**1_11": {
      "TONNELLATE**20190918**CONSUNTIVO": 0.0,
      "TONNELLATE**20190918**PREVISTO_OTTIMIZZATO": 0.0,